﻿Designator,Footprint,Quantity,Value,LCSC Part #
"C1, C2",0402,2,15p, C86285
"C10, C11, C12, C13, C14, C15, C16, C17, C18, C20, C27, C3, C6, C9",0402,14,100n,C1525
"C19, C21, C22",0603,3,10u,
C26,0805,1,22u,
C28,0402,1,10uF,
C29,0402,1,1uF,
C30,0402,1,100n,
"C4, C5",0603,2,4.7u,
"C7, C8",0402,2,4.7u,C23733
"D1, D2, D3, D4",0805,4,GREEN,
"J1, J2, J3",JST_PH_S4B-PH-K_1x04_P2.00mm_Horizontal,3,JST-PH,
"J10, J8",USB_C_Receptacle_HRO_TYPE-C-31-M-12,2,USB_C_USB2.0_16P,C165948
J11,microSD_HC_Molex_47219-2001,1,Micro_SD_Card,
"J4, J5, J6, J7",PinHeader_1x03_P2.54mm_Vertical,4,duPont,
JP1,RF-SMD_FRF05002-JSS103M,1,U.FL-R-SMT-1(80),C88374
L1,L_pol_2016,1,3.3u,C42411119
L2,IND-SMD_L4.0-W4.0_VLS4012ET,1,2u2,C76867
"Q1, Q2",SOT-23,2,Si2301CDS,C10487
R1,0402,1,DNF,
R10,0402,1,100,
"R11, R12, R13, R14",0603,4,1k,
"R15, R16, R24, R25",0402,4,5.1k,
"R17, R18",0402,2,100k,
R2,0402,1,0,
"R23, R3, R5",0402,3,10k,
"R26, R27, R8, R9",0402,4,27,
"R4, R7",0402,2,1k,
R6,0402,1,33,
SW1,SW_SPST_B3U-1000P,1,SW_QSPI,C720477
SW2,SW_SPST_B3U-1000P,1,SW_RUN,C720477
SW3,SW_SPST_B3U-1000P,1,SW_GNSS,C720477
TP1,TestPoint_Pad_D1.0mm,1,nSAFEBOOT,
"TP2, TP3",TestPoint_Pad_D1.0mm,2,+3V3,
TP4,TestPoint_Pad_D1.0mm,1,GND,
U1,SOIC-8_5.3x5.3mm_P1.27mm,1,W25Q128JVS,C97521
U2,QFN-60-1EP_7x7mm_P0.4mm_EP3.4x3.4mm,1,RP2350_60QFN,C42411118
U3,Texas_DRC0010J,1,TPS63001DRCR,C28060
U4,BAT-TH_BH-18650-A6AJ012,1,BH-18650-A6AJ012,C19184084
U5,WIRELM-SMD_E32-400M30S,1,E32-400M30S,C2965515
U6,ublox_NEO,1,NEO-M9N,C5119087
Y1,Crystal_SMD_Abracon_ABM8G-4Pin_3.2x2.5mm,1,ABM8_262_T3,C20625731
