﻿Designator,Footprint,Quantity,Value,LCSC Part #
"C11, C12",0402,2,15p, C86285
"C13, C16, C19, C20, C21, C22, C23, C24, C25, C26, C30, C31, C33, C66",0402,14,100n,C1525
"C14, C15",0603,2,4.7u,
"C17, C18",0402,2,4.7u,C23733
"C32, C34, C35",0603,3,10u,
C60,0402,1,10uF,
C61,0402,1,1uF,
C62,0402,1,100n,
C65,0805,1,22u,
C67,0402,1,100n X7R,C307331
"D11, D12, D13, D4",0805,4,GREEN,
"J1, J2, J3",JST_PH_B4B-PH-K_1x04_P2.00mm_Vertical,3,JST-PH,C131334
"J10, J8",USB_C_Receptacle_HRO_TYPE-C-31-M-12,2,USB_C_USB2.0_16P,C165948
J11,microSD_HC_Molex_47219-2001,1,Micro_SD_Card,C164170
"J12, J4, J5, J6",PinHeader_1x03_P2.54mm_Vertical,4,duPont,
JP1,RF-SMD_FRF05002-JSS103M,1,U.FL-R-SMT-1(80),C88374
L11,L_pol_2016,1,3.3u,C42411119
L2,IND-SMD_L4.0-W4.0_VLS4012ET,1,2u2,C76867
L67,0201,1,27n,C162607
"Q1, Q2",SOT-23,2,Si2301CDS,C10487
R11,0402,1,DNF,
R12,0402,1,0,
"R13, R15, R64",0402,3,10k,
"R14, R17",0402,2,1k,
R16,0402,1,33,
"R18, R19, R20, R22, R23, R24",0402,6,330,
"R21, R25, R60, R61",0402,4,27,
"R26, R27, R28",0603,3,470,
"R30, R31, R62, R63",0402,4,5.1k,
"R32, R33",0402,2,100k,
R34,0402,1,100,
R35,0603,1,1k,
R67,0805,1,10,C17415
SW11,SW_SPST_B3U-1000P,1,SW_QSPI,C720477
SW12,SW_SPST_B3U-1000P,1,SW_RUN,C720477
SW3,SW_SPST_B3U-1000P,1,SW_GNSS,C720477
TP1,TestPoint_Pad_D1.0mm,1,nSAFEBOOT,
TP3,TestPoint_Pad_D1.0mm,1,+3V3,
TP4,TestPoint_Pad_D1.0mm,1,GND,
U11,SOIC-8_5.3x5.3mm_P1.27mm,1,W25Q128JVS,C97521
U12,QFN-60-1EP_7x7mm_P0.4mm_EP3.4x3.4mm,1,RP2350_60QFN,C42411118
U3,Texas_DRC0010J,1,TPS63001DRCR,C28060
U4,BAT-TH_BH-18650-A6AJ012,1,BH-18650-A6AJ012,C19184084
U5,WIRELM-SMD_E32-400M30S,1,E32-400M30S,C2965515
U6,ublox_NEO,1,NEO-M9N,C5119087
Y11,Crystal_SMD_Abracon_ABM8G-4Pin_3.2x2.5mm,1,ABM8_262_T3,C20625731
